[
 {
     "name": "production",
     "domain": "na3-allergan.my.salesforce.com",
     "key": "3MVG9Km_cBLhsuPwXfRHgW8IAwgGI79g0R9i7gRm5HifOJDCIJ3pKMQYU1.wmm_6zdmsXMSWrR7M7LWpbLl_.",
     "home": "https://inav.allergan.com/home/home.jsp",
 },
 {
     "name": "dev",
     "domain": "test.salesforce.com",
     "key": "3MVG982oBBDdwyHglMYlRGJIClzw5OGDtzLvcD08lemEv0hEVvwYA7uHd7R9r.fEcaQ5DTrn5Vf6xPhGFpynR",
     "home": "https://cs13.salesforce.com/home/home.jsp",
 },
 {
     "name": "dev-okta",
     "domain": "dev-na3--Dev.cs13.my.salesforce.com",
     "key": "3MVG982oBBDdwyHglMYlRGJIClzw5OGDtzLvcD08lemEv0hEVvwYA7uHd7R9r.fEcaQ5DTrn5Vf6xPhGFpynR",
     "home": "https://dev-na3--dev.cs13.my.salesforce.com/home/home.jsp",
 },
 

 {
     "name": "sit",
     "domain": "test.salesforce.com",
     "key": "3MVG94DzwlYDSHS4KCCvqrRn5.XXDlL9UC8iIkMUDXEALyyUPCjBoJLx6o0crtW_mk.AVJOXqN51yj51oMY8X",
     "home": "https://cs2.salesforce.com/home/home.jsp",
 },
 {
     "name": "sit-okta",
     "domain": "na3-allergan--sit.cs13.my.salesforce.com",
     "key": "3MVG94DzwlYDSHS4KCCvqrRn5.XXDlL9UC8iIkMUDXEALyyUPCjBoJLx6o0crtW_mk.AVJOXqN51yj51oMY8X",
     "home": "https://na3-allergan--sit.cs13.my.salesforce.com/home/home.jsp",
 },
 {
     "name": "data",
     "domain": "test.salesforce.com",
     "key": "3MVG94DzwlYDSHS6UBls2ni8sNs4zX_CI7KqYow_eRbtOz0exG.ntlvICjl3.jcvumRa9Bld8n_9iurddI1wN",
     "home": "https://na3-allergan--data.cs13.my.salesforce.com/home/home.jsp",
 },
 {
     "name": "data-okta",
     "domain": "na3-allergan--data.cs2.my.salesforce.com",
     "key": "3MVG94DzwlYDSHS6UBls2ni8sNs4zX_CI7KqYow_eRbtOz0exG.ntlvICjl3.jcvumRa9Bld8n_9iurddI1wN",
     "home": "https://na3-allergan--data.cs2.my.salesforce.com/home/home.jsp",
 },
 {
 "name": "su13",
 "domain": "test.salesforce.com",
 "key": "3MVG982oBBDdwyHgfjvp8t9aYNvDYNRwSAM1DJo__vmSvqlE4lWHIplEO6lVonxHS787KTEVg4afxtEAXxfYF",
 "home": "https://cs13.salesforce.com/home/home.jsp",
 }
]